onset	duration	trial_type	value	sample
6.116	n/a	Target	2	3058
6.248	n/a	NonTarget	1	3124
6.384	n/a	NonTarget	1	3192
6.52	n/a	NonTarget	1	3260
6.652	n/a	NonTarget	1	3326
6.786	n/a	NonTarget	1	3393
6.92	n/a	Target	2	3460
7.054	n/a	NonTarget	1	3527
7.186	n/a	NonTarget	1	3593
7.324	n/a	NonTarget	1	3662
7.46	n/a	NonTarget	1	3730
7.592	n/a	Target	2	3796
7.728	n/a	NonTarget	1	3864
7.862	n/a	Target	2	3931
7.996	n/a	NonTarget	1	3998
8.132	n/a	NonTarget	1	4066
8.262	n/a	NonTarget	1	4131
8.398	n/a	NonTarget	1	4199
8.534	n/a	NonTarget	1	4267
8.668	n/a	Target	2	4334
8.802	n/a	NonTarget	1	4401
8.936	n/a	NonTarget	1	4468
9.07	n/a	NonTarget	1	4535
9.206	n/a	Target	2	4603
9.346	n/a	NonTarget	1	4673
9.48	n/a	Target	2	4740
9.61	n/a	NonTarget	1	4805
9.744	n/a	NonTarget	1	4872
9.878	n/a	Target	2	4939
10.012	n/a	NonTarget	1	5006
10.148	n/a	NonTarget	1	5074
10.28	n/a	NonTarget	1	5140
10.416	n/a	NonTarget	1	5208
10.55	n/a	NonTarget	1	5275
10.684	n/a	NonTarget	1	5342
10.818	n/a	Target	2	5409
10.952	n/a	NonTarget	1	5476
11.086	n/a	NonTarget	1	5543
11.222	n/a	NonTarget	1	5611
11.362	n/a	Target	2	5681
